,Age,Cabin,Fare,Parch,Sex,Survived,1,2,3
0,3,0,1.4151057004928589,0,1,0,0,0,1
1,4,1,13.913573265075684,0,0,1,1,0,0
2,3,0,1.5468568801879883,0,0,1,0,0,1
3,4,1,10.364428520202637,0,0,1,1,0,0
4,4,0,1.5712553262710571,0,1,0,0,0,1
6,5,1,10.122884750366211,0,1,0,1,0,0
7,1,0,4.113565921783447,1,1,0,0,0,1
8,3,0,2.1730751991271973,1,0,1,0,0,1
9,2,0,5.869429111480713,0,0,1,0,1,0
10,1,1,3.259622812271118,1,0,1,0,0,1
11,5,1,5.182214260101318,0,0,1,1,0,0
12,3,0,1.5712553262710571,0,1,0,0,0,1
13,4,0,6.104473114013672,1,1,0,0,0,1
14,2,0,1.5330376625061035,0,0,0,0,0,1
15,5,0,3.1229918003082275,0,0,1,0,1,0
16,1,0,5.684821128845215,1,1,0,0,0,1
18,4,0,3.5133657455444336,0,0,0,0,0,1
20,4,0,5.074861526489258,0,1,0,0,1,0
21,4,1,2.537430763244629,0,1,1,0,1,0
22,2,0,1.5671952962875366,0,0,1,0,0,1
23,3,1,6.92913818359375,0,1,1,1,0,0
24,1,0,4.113565921783447,1,0,0,0,0,1
25,4,0,6.126431941986084,1,0,1,0,0,1
27,3,1,51.33417892456055,1,1,0,1,0,0
30,4,0,5.410739421844482,0,1,0,1,0,0
33,6,0,2.0494632720947266,0,1,0,0,1,0
34,3,0,16.038671493530273,0,1,0,1,0,0
35,4,0,10.149723052978516,0,1,0,1,0,0
37,3,0,1.5712553262710571,0,1,0,0,0,1
38,2,0,3.5133657455444336,0,0,0,0,0,1
39,2,0,2.1942336559295654,0,0,1,0,0,1
40,4,0,1.849396824836731,0,0,0,0,0,1
41,3,0,4.098926544189453,0,0,0,0,1,0
43,1,0,8.115718841552734,1,0,1,0,1,0
44,3,0,1.5379172563552856,0,0,1,0,0,1
49,2,0,3.4743282794952393,0,0,0,0,0,1
50,1,0,7.74648380279541,1,1,0,0,0,1
51,3,0,1.522458553314209,0,1,0,0,0,1
52,5,1,14.976541519165039,0,0,1,1,0,0
53,3,0,5.074861526489258,0,0,1,0,1,0
54,6,1,12.097533226013184,1,1,0,1,0,0
56,3,0,2.0494632720947266,0,0,1,0,1,0
57,3,0,1.411045789718628,0,1,0,0,0,1
58,1,0,5.416439056396484,1,0,1,0,1,0
59,1,0,9.15427017211914,1,1,0,0,0,1
60,3,0,1.411045789718628,0,1,0,0,0,1
61,4,1,15.614958763122559,0,0,1,1,0,0
62,4,1,16.29323387145996,0,1,0,1,0,0
63,1,0,5.445716857910156,1,1,0,0,0,1
66,3,1,2.0494632720947266,0,0,1,0,1,0
67,3,0,1.5923941135406494,0,1,0,0,0,1
68,2,0,1.5468568801879883,1,0,1,0,0,1
69,3,0,1.6908073425292969,0,1,0,0,0,1
70,4,0,2.0494632720947266,0,1,0,0,1,0
71,2,0,9.15427017211914,1,0,0,0,0,1
72,3,0,14.346243858337402,0,1,0,0,1,0
73,3,0,2.8212716579437256,0,1,0,0,0,1
74,4,0,11.027244567871094,0,1,1,0,0,1
75,3,1,1.493180513381958,0,1,0,0,0,1
78,1,0,5.6604228019714355,1,1,1,0,1,0
79,3,0,2.43495774269104,0,0,1,0,0,1
80,3,0,1.7566828727722168,0,1,0,0,0,1
81,3,0,1.854276418685913,0,1,1,0,0,1
83,3,0,9.193306922912598,0,1,0,1,0,0
84,2,0,2.0494632720947266,0,0,1,0,1,0
85,4,0,3.0937137603759766,0,0,1,0,0,1
86,2,0,6.709552764892578,1,1,0,0,0,1
88,3,1,51.33417892456055,1,0,1,1,0,0
89,3,0,1.5712553262710571,0,1,0,0,0,1
90,3,0,1.5712553262710571,0,1,0,0,0,1
91,3,0,1.5330376625061035,0,1,0,0,0,1
92,5,1,11.940564155578613,0,1,0,1,0,0
93,3,0,4.01597261428833,1,1,0,0,0,1
94,5,0,1.4151057004928589,0,1,0,0,0,1
96,6,1,6.764049053192139,0,1,0,1,0,0
97,3,1,12.366715431213379,1,1,1,1,0,0
98,4,0,4.489300727844238,1,0,1,0,1,0
99,4,0,5.074861526489258,0,1,0,0,1,0
100,3,0,1.5411574840545654,0,0,0,0,0,1
102,3,1,15.085514068603516,1,1,0,1,0,0
103,4,0,1.6891871690750122,0,1,0,0,0,1
104,4,0,1.5468568801879883,0,1,0,0,0,1
105,3,0,1.5411574840545654,0,1,0,0,0,1
106,3,0,1.493180513381958,0,0,1,0,0,1
108,4,0,1.5411574840545654,0,1,0,0,0,1
110,5,1,10.149723052978516,0,1,0,1,0,0
111,2,0,2.8212716579437256,0,0,0,0,0,1
112,3,0,1.5712553262710571,0,1,0,0,0,1
113,3,0,1.9177120923995972,0,0,0,0,0,1
114,2,0,2.8220720291137695,0,0,0,0,0,1
115,3,0,1.5468568801879883,0,1,0,0,0,1
116,6,0,1.5126991271972656,0,1,0,0,0,1
117,3,0,4.098926544189453,0,1,0,0,1,0
118,3,1,48.31283950805664,1,1,0,1,0,0
119,1,0,6.104473114013672,1,0,0,0,0,1
120,3,0,14.346243858337402,0,1,0,0,1,0
122,4,0,5.869429111480713,0,1,0,0,1,0
123,4,1,2.537430763244629,0,0,1,0,1,0
124,5,1,15.085514068603516,1,1,0,1,0,0
125,6,0,2.1942336559295654,0,1,1,0,0,1
127,3,0,1.3939669132232666,0,1,1,0,0,1
129,4,0,1.361429214477539,0,1,0,0,0,1
130,4,0,1.5411574840545654,0,1,0,0,0,1
131,3,0,1.376068353652954,0,1,0,0,0,1
132,5,0,2.8302114009857178,0,0,0,0,0,1
133,3,0,5.074861526489258,0,0,1,0,1,0
134,3,0,2.537430763244629,0,1,0,0,1,0
135,3,0,2.936744451522827,0,1,0,0,1,0
136,3,1,5.130158424377441,1,0,1,1,0,0
137,4,1,10.364428520202637,0,1,0,1,0,0
138,2,0,1.7989798784255981,0,1,0,0,0,1
139,3,1,15.458808898925781,0,1,0,1,0,0
141,3,0,1.5126991271972656,0,0,1,0,0,1
142,3,0,3.0937137603759766,0,0,1,0,0,1
143,3,0,1.3175121545791626,0,1,0,0,0,1
144,2,0,2.244650363922119,0,1,0,0,1,0
145,3,0,7.173121929168701,1,1,0,0,1,0
146,3,0,1.5216387510299683,0,1,1,0,0,1
147,1,0,6.709552764892578,1,0,0,0,0,1
148,4,1,5.074861526489258,1,1,0,0,1,0
149,4,0,2.537430763244629,0,1,0,0,1,0
150,5,0,2.4447169303894043,0,1,0,0,1,0
151,3,1,12.9994535446167,0,0,1,1,0,0
152,5,0,1.5712553262710571,0,1,0,0,0,1
153,4,0,2.8302114009857178,1,1,0,0,0,1
155,5,0,11.98042106628418,1,1,0,1,0,0
156,2,0,1.5094395875930786,0,0,1,0,0,1
157,3,0,1.5712553262710571,0,1,0,0,0,1
160,4,0,3.1425106525421143,1,1,0,0,0,1
161,4,0,3.074195146560669,0,0,1,0,1,0
162,3,0,1.5175788402557373,0,1,0,0,0,1
163,2,0,1.6908073425292969,0,1,0,0,0,1
164,1,0,7.74648380279541,1,1,0,0,0,1
165,1,0,4.0062127113342285,1,1,1,0,0,1
167,4,0,5.445716857910156,1,0,0,0,0,1
169,3,0,11.027244567871094,0,1,0,0,0,1
170,6,1,6.538763999938965,0,1,0,1,0,0
171,1,0,5.684821128845215,1,1,0,0,0,1
172,1,0,2.1730751991271973,1,0,1,0,0,1
173,3,0,1.5468568801879883,0,1,0,0,0,1
174,5,1,5.991420745849609,0,1,0,1,0,0
175,2,0,1.5330376625061035,1,1,0,0,0,1
177,5,1,5.604306221008301,0,0,0,1,0,0
178,3,0,2.537430763244629,0,1,0,0,1,0
179,4,0,0.0,0,1,0,0,0,1
182,1,0,6.126431941986084,1,1,0,0,0,1
183,1,1,7.612292289733887,1,1,1,0,1,0
184,1,0,4.298993110656738,1,0,1,0,0,1
187,4,0,5.182214260101318,0,1,1,1,0,0
188,4,0,3.0253982543945312,1,1,0,0,0,1
189,4,0,1.5411574840545654,0,1,0,0,0,1
190,4,0,2.537430763244629,0,0,1,0,1,0
191,3,0,2.537430763244629,0,1,0,0,1,0
192,3,0,1.5330376625061035,0,0,1,0,0,1
193,1,1,5.074861526489258,1,1,1,0,1,0
194,4,1,5.410739421844482,0,0,1,1,0,0
195,5,1,28.598953247070312,0,0,1,1,0,0
197,4,0,1.640390396118164,1,1,0,0,0,1
199,3,0,2.537430763244629,0,0,0,0,1,0
200,3,0,1.854276418685913,0,1,0,0,0,1
202,4,0,1.2678955793380737,0,1,0,0,0,1
203,5,0,1.4102259874343872,0,1,0,0,0,1
204,2,0,1.5712553262710571,0,1,1,0,0,1
205,1,1,2.0421438217163086,1,0,0,0,0,1
206,4,0,3.0937137603759766,0,1,0,0,0,1
207,3,0,3.6670756340026855,0,1,1,0,0,1
208,2,0,1.5126991271972656,0,0,1,0,0,1
209,4,1,6.0507965087890625,0,1,1,1,0,0
210,3,0,1.376068353652954,0,1,0,0,0,1
211,4,0,4.098926544189453,0,0,1,0,1,0
212,3,0,1.4151057004928589,0,1,0,0,0,1
213,3,0,2.537430763244629,0,1,0,0,1,0
215,4,1,22.109806060791016,0,0,1,1,0,0
216,3,0,1.5468568801879883,0,0,1,0,0,1
217,4,0,5.27004861831665,0,1,0,0,1,0
218,4,1,14.89114761352539,0,0,1,1,0,0
219,3,0,2.0494632720947266,0,1,0,0,1,0
220,2,0,1.5712553262710571,0,1,1,0,0,1
221,3,0,2.537430763244629,0,1,0,0,1,0
222,5,0,1.5712553262710571,0,1,0,0,0,1
224,4,1,17.566829681396484,0,1,1,1,0,0
225,3,0,1.824998378753662,0,1,0,0,0,1
226,3,0,2.0494632720947266,0,1,1,0,1,0
227,3,0,1.4151057004928589,0,1,0,0,0,1
228,2,0,2.537430763244629,0,1,0,0,1,0
230,4,1,16.29323387145996,0,0,1,1,0,0
231,3,0,1.5175788402557373,0,1,0,0,0,1
232,5,0,2.635024309158325,0,1,0,0,1,0
233,1,0,6.126431941986084,1,0,1,0,0,1
234,3,0,2.0494632720947266,0,1,0,0,1,0
236,4,0,5.074861526489258,0,1,0,0,1,0
237,1,0,5.123658657073975,1,0,1,0,1,0
238,3,0,2.0494632720947266,0,1,0,0,1,0
239,4,0,2.3959202766418457,0,1,0,0,1,0
242,3,0,2.0494632720947266,0,1,0,0,1,0
243,3,0,1.39070725440979,0,1,0,0,0,1
244,3,0,1.4102259874343872,0,1,0,0,0,1
245,4,1,17.566829681396484,0,1,0,1,0,0
246,3,0,1.5175788402557373,0,0,0,0,0,1
247,3,0,2.8302114009857178,1,0,1,0,1,0
248,4,1,10.257895469665527,1,1,1,1,0,0
249,5,0,5.074861526489258,0,1,0,0,1,0
251,3,1,2.0421438217163086,1,0,0,0,0,1
252,6,1,5.182214260101318,0,1,0,1,0,0
253,3,0,3.1425106525421143,0,1,0,0,0,1
254,4,0,3.9452168941497803,1,0,0,0,0,1
255,3,0,2.9757816791534424,1,0,1,0,0,1
257,3,1,16.88367462158203,0,0,1,1,0,0
258,4,0,100.0,0,0,1,1,0,0
259,5,0,5.074861526489258,1,0,1,0,1,0
261,1,0,6.126431941986084,1,1,1,0,0,1
262,5,1,15.54664421081543,1,1,0,1,0,0
263,4,1,0.0,0,1,0,1,0,0
265,4,0,2.0494632720947266,0,1,0,0,1,0
266,2,0,7.74648380279541,1,1,0,0,0,1
267,3,0,1.5175788402557373,0,1,1,0,0,1
268,5,1,29.953882217407227,1,0,1,1,0,0
269,4,1,26.47385597229004,0,0,1,1,0,0
271,3,0,0.0,0,1,1,0,0,1
272,4,0,3.8061461448669434,1,0,1,0,1,0
273,4,1,5.797053813934326,1,1,0,1,0,0
275,6,1,15.216444969177246,0,0,1,1,0,0
276,4,0,1.5126991271972656,0,0,0,0,0,1
278,1,0,5.684821128845215,1,1,0,0,0,1
279,4,0,3.9525365829467773,1,0,1,0,0,1
280,6,0,1.5126991271972656,0,1,0,0,0,1
281,3,0,1.5330376625061035,0,1,0,0,0,1
282,2,0,1.854276418685913,0,1,0,0,0,1
283,3,0,1.5712553262710571,0,1,1,0,0,1
285,4,0,1.6908073425292969,0,1,0,0,0,1
286,3,0,1.854276418685913,0,1,1,0,0,1
287,3,0,1.5411574840545654,0,1,0,0,0,1
288,4,0,2.537430763244629,0,1,1,0,1,0
289,3,0,1.5126991271972656,0,0,1,0,0,1
290,3,0,15.390493392944336,0,0,1,1,0,0
291,3,1,17.777475357055664,0,0,1,1,0,0
292,4,1,2.5130324363708496,0,1,0,0,1,0
293,3,0,1.7274049520492554,0,0,0,0,0,1
294,3,0,1.5411574840545654,0,1,0,0,0,1
296,3,0,1.411045789718628,0,1,0,0,0,1
297,1,1,29.580589294433594,1,0,0,1,0,0
299,5,1,48.31283950805664,1,0,1,1,0,0
302,3,0,0.0,0,1,0,0,0,1
305,1,1,29.580589294433594,1,1,1,1,0,0
307,2,1,21.255863189697266,0,0,1,1,0,0
308,3,0,4.684487819671631,0,1,0,0,1,0
309,3,1,11.111839294433594,0,0,1,1,0,0
310,3,1,16.23141860961914,0,0,1,1,0,0
311,2,1,51.21218490600586,1,0,1,1,0,0
312,3,0,5.074861526489258,1,0,0,0,1,0
313,3,0,1.5411574840545654,0,1,0,0,0,1
314,4,0,5.123658657073975,1,1,0,0,1,0
315,3,0,1.5330376625061035,0,0,1,0,0,1
316,3,0,5.074861526489258,0,0,1,0,1,0
317,5,0,2.7326178550720215,0,1,0,0,1,0
318,4,1,32.179832458496094,1,0,1,1,0,0
319,4,1,26.252649307250977,1,0,1,1,0,0
320,3,0,1.4151057004928589,0,1,0,0,0,1
321,3,0,1.5411574840545654,0,1,0,0,0,1
322,3,0,2.4105594158172607,0,0,1,0,1,0
323,3,0,5.6604228019714355,1,0,1,0,1,0
325,4,1,26.47385597229004,0,0,1,1,0,0
326,6,0,1.21747887134552,0,1,0,0,0,1
327,4,1,2.537430763244629,0,0,1,0,1,0
328,4,0,4.0062127113342285,1,0,1,0,0,1
329,2,1,11.316784858703613,1,0,1,1,0,0
331,5,1,5.56282901763916,0,1,0,1,0,0
332,4,1,29.953882217407227,1,1,0,1,0,0
333,2,0,3.5133657455444336,0,1,0,0,0,1
336,3,1,12.9994535446167,0,1,0,1,0,0
337,4,1,26.252649307250977,0,0,1,1,0,0
338,4,0,1.5712553262710571,0,1,1,0,0,1
339,4,1,6.92913818359375,0,1,0,1,0,0
340,1,1,5.074861526489258,1,1,1,0,1,0
341,3,1,51.33417892456055,1,0,1,1,0,0
342,3,0,2.537430763244629,0,1,0,0,1,0
343,3,0,2.537430763244629,0,1,0,0,1,0
344,4,0,2.537430763244629,0,1,0,0,1,0
345,3,1,2.537430763244629,0,0,1,0,1,0
346,4,0,2.537430763244629,0,0,1,0,1,0
348,1,0,3.103472948074341,1,1,1,0,0,1
349,4,0,1.6908073425292969,0,1,0,0,0,1
350,3,0,1.8006000518798828,0,1,0,0,0,1
352,2,0,1.411045789718628,1,1,0,0,0,1
353,3,0,3.4743282794952393,0,1,0,0,0,1
355,3,0,1.854276418685913,0,1,0,0,0,1
356,3,1,10.735283851623535,1,0,1,1,0,0
357,4,0,2.537430763244629,0,0,0,0,1,0
360,4,0,5.445716857910156,1,1,0,0,0,1
361,3,0,5.410739421844482,0,1,0,0,1,0
362,4,0,2.8212716579437256,1,0,0,0,0,1
363,4,0,1.376068353652954,0,1,0,0,0,1
365,3,0,1.4151057004928589,0,1,0,0,0,1
366,5,1,14.687820434570312,0,0,1,1,0,0
369,3,1,13.526458740234375,0,0,1,1,0,0
370,3,1,10.82149887084961,0,1,1,1,0,0
371,2,0,1.2678955793380737,0,1,0,0,0,1
372,3,0,1.5712553262710571,0,1,0,0,0,1
373,3,0,26.47385597229004,0,1,0,1,0,0
374,1,0,4.113565921783447,1,0,0,0,0,1
376,3,0,1.4151057004928589,0,0,1,0,0,1
377,3,1,41.282047271728516,1,1,0,1,0,0
378,3,0,0.783187747001648,0,1,0,0,0,1
379,3,0,1.5175788402557373,0,1,0,0,0,1
380,4,0,44.40991973876953,0,0,1,1,0,0
381,1,0,3.072575092315674,1,0,1,0,0,1
382,4,0,1.5468568801879883,0,1,0,0,0,1
383,4,0,10.149723052978516,0,0,1,1,0,0
385,2,0,14.346243858337402,0,1,0,0,1,0
386,1,0,9.15427017211914,1,1,0,0,0,1
387,4,0,2.537430763244629,0,0,1,0,1,0
389,2,0,2.3422439098358154,0,0,1,0,1,0
390,4,1,23.42243766784668,1,1,1,1,0,0
391,3,0,1.5216387510299683,0,1,1,0,0,1
392,3,0,1.5468568801879883,0,1,0,0,0,1
393,3,1,22.109806060791016,0,0,1,1,0,0
394,3,1,3.259622812271118,1,0,1,0,0,1
395,3,0,1.5216387510299683,0,1,0,0,0,1
396,4,0,1.5330376625061035,0,0,0,0,0,1
397,5,0,5.074861526489258,0,1,0,0,1,0
398,3,0,2.0494632720947266,0,1,0,0,1,0
399,3,0,2.4691152572631836,0,0,1,0,1,0
400,4,0,1.5468568801879883,0,1,1,0,0,1
401,3,0,1.5712553262710571,0,1,0,0,0,1
402,3,0,1.9177120923995972,0,0,0,0,0,1
403,3,0,3.0937137603759766,0,1,0,0,0,1
404,3,0,1.6908073425292969,0,0,0,0,0,1
405,4,0,4.098926544189453,0,1,0,0,1,0
406,5,0,1.5126991271972656,0,1,0,0,0,1
407,1,0,3.6597559452056885,1,1,1,0,1,0
408,3,0,1.5175788402557373,0,1,0,0,0,1
412,4,1,17.566829681396484,0,0,1,1,0,0
414,4,0,1.5468568801879883,0,1,1,0,0,1
416,4,0,6.343576908111572,1,0,1,0,1,0
417,2,0,2.537430763244629,1,0,1,0,1,0
418,3,0,2.537430763244629,0,1,0,0,1,0
419,1,0,4.713765621185303,1,0,0,0,0,1
421,3,0,1.5094395875930786,0,1,0,0,0,1
422,3,0,1.5370975732803345,0,1,0,0,0,1
423,3,0,2.810692548751831,1,0,0,0,0,1
424,2,0,3.9452168941497803,1,1,0,0,0,1
426,3,0,5.074861526489258,0,0,1,0,1,0
427,3,0,5.074861526489258,0,0,1,0,1,0
429,4,1,1.5712553262710571,0,1,1,0,0,1
430,3,1,5.182214260101318,0,1,1,1,0,0
432,4,0,5.074861526489258,0,0,1,0,1,0
433,2,0,1.39070725440979,0,1,0,0,0,1
434,5,1,10.9109525680542,0,1,0,1,0,0
435,2,1,23.42243766784668,1,0,1,1,0,0
436,3,0,6.709552764892578,1,0,0,0,0,1
437,3,0,3.6597559452056885,1,0,1,0,1,0
438,6,1,51.33417892456055,1,1,0,1,0,0
439,4,0,2.0494632720947266,0,1,0,0,1,0
440,4,0,5.123658657073975,1,0,1,0,1,0
441,3,0,1.854276418685913,0,1,0,0,0,1
442,3,0,1.5175788402557373,0,1,0,0,0,1
443,3,0,2.537430763244629,0,0,1,0,1,0
445,1,1,15.97767448425293,1,1,1,1,0,0
446,2,0,3.8061461448669434,1,0,1,0,1,0
447,4,0,5.182214260101318,0,1,1,1,0,0
448,1,0,3.758969783782959,1,0,1,0,0,1
449,5,1,5.953203201293945,0,1,1,1,0,0
450,4,0,5.416439056396484,1,1,0,0,1,0
452,3,1,5.416439056396484,0,1,0,1,0,0
453,5,1,17.39198112487793,0,1,1,1,0,0
455,3,0,1.5411574840545654,0,1,1,0,0,1
456,6,1,5.182214260101318,0,1,0,1,0,0
458,5,0,2.0494632720947266,0,0,1,0,1,0
460,5,1,5.182214260101318,0,1,1,1,0,0
461,4,0,1.5712553262710571,0,1,0,0,0,1
462,5,1,7.5146989822387695,0,1,0,1,0,0
463,5,0,2.537430763244629,0,1,0,0,1,0
465,4,0,1.376068353652954,0,1,0,0,0,1
467,5,0,5.182214260101318,0,1,0,1,0,0
469,1,0,3.758969783782959,1,0,1,0,0,1
471,4,0,1.6908073425292969,0,1,0,0,0,1
472,4,0,5.416439056396484,1,0,1,0,1,0
473,3,1,2.691960334777832,0,0,1,0,1,0
474,3,0,1.920151948928833,0,0,0,0,0,1
476,4,0,4.098926544189453,0,1,0,0,1,0
477,3,0,1.3752485513687134,0,1,0,0,0,1
478,3,0,1.4679622650146484,0,1,0,0,0,1
479,1,0,2.398360252380371,1,0,1,0,0,1
480,1,0,9.15427017211914,1,1,0,0,0,1
482,5,0,1.5712553262710571,0,1,0,0,0,1
483,6,0,1.8713551759719849,0,0,1,0,0,1
484,3,1,17.777475357055664,0,1,1,1,0,0
486,4,1,17.566829681396484,0,0,1,1,0,0
487,5,1,5.797053813934326,0,1,0,1,0,0
488,3,0,1.5712553262710571,0,1,0,0,0,1
489,1,0,3.103472948074341,1,1,1,0,0,1
491,3,0,1.4151057004928589,0,1,0,0,0,1
492,5,1,5.953203201293945,0,1,0,1,0,0
493,6,0,9.662575721740723,0,1,0,1,0,0
494,3,0,1.5712553262710571,0,1,0,0,0,1
496,5,1,15.276641845703125,0,0,1,1,0,0
498,3,1,29.580589294433594,1,0,0,1,0,0
499,3,0,1.5216387510299683,0,1,0,0,0,1
500,2,0,1.6908073425292969,0,1,0,0,0,1
501,3,0,1.5126991271972656,0,0,0,0,0,1
503,4,0,1.8713551759719849,0,0,0,0,0,1
504,2,1,16.88367462158203,0,0,1,1,0,0
505,2,1,21.255863189697266,0,1,0,1,0,0
506,4,0,5.074861526489258,1,0,1,0,1,0
508,3,0,4.396586894989014,0,1,0,0,0,1
509,3,0,11.027244567871094,0,1,1,0,0,1
510,3,0,1.5126991271972656,0,1,1,0,0,1
512,4,1,5.130978107452393,0,1,1,1,0,0
513,5,0,11.594107627868652,0,0,1,1,0,0
514,3,0,1.4630826711654663,0,1,0,0,0,1
515,5,1,6.640417575836182,0,1,0,1,0,0
516,4,1,2.0494632720947266,0,0,1,0,1,0
518,4,0,5.074861526489258,0,0,1,0,1,0
519,4,0,1.5411574840545654,0,1,0,0,0,1
520,3,1,18.249982833862305,0,0,1,1,0,0
521,3,0,1.5411574840545654,0,1,0,0,0,1
523,4,1,11.316784858703613,1,0,1,1,0,0
525,4,0,1.5126991271972656,0,1,0,0,0,1
526,5,0,2.0494632720947266,0,0,1,0,1,0
528,4,0,1.5468568801879883,0,1,0,0,0,1
529,3,0,2.244650363922119,1,1,0,0,1,0
530,1,0,5.074861526489258,1,0,1,0,1,0
532,2,0,1.411045789718628,1,1,0,0,0,1
534,3,0,1.6908073425292969,0,0,0,0,0,1
535,1,0,5.123658657073975,1,0,1,0,1,0
536,4,1,5.182214260101318,0,1,0,1,0,0
537,3,0,20.772775650024414,0,0,1,1,0,0
539,3,1,9.661755561828613,1,0,1,1,0,0
540,4,1,13.8582763671875,1,0,1,1,0,0
541,1,0,6.104473114013672,1,0,0,0,0,1
542,1,0,6.104473114013672,1,0,0,0,0,1
543,4,0,5.074861526489258,0,1,1,0,1,0
544,5,1,20.772775650024414,0,1,0,1,0,0
545,6,0,5.074861526489258,0,1,0,1,0,0
546,3,0,5.074861526489258,0,0,1,0,1,0
548,4,0,4.0062127113342285,1,1,0,0,0,1
549,1,0,7.173121929168701,1,1,1,0,1,0
550,2,1,21.642976760864258,1,1,1,1,0,0
551,3,0,5.074861526489258,0,1,0,0,1,0
553,3,0,1.4102259874343872,0,1,1,0,0,1
554,3,0,1.5175788402557373,0,0,1,0,0,1
555,6,0,5.182214260101318,0,1,0,1,0,0
556,5,1,7.729404449462891,0,0,1,1,0,0
558,4,1,15.54664421081543,1,0,1,1,0,0
559,4,0,3.3962535858154297,0,0,1,0,0,1
561,4,0,1.5411574840545654,0,1,0,0,0,1
562,3,0,2.635024309158325,0,1,0,0,1,0
565,3,0,4.713765621185303,0,1,0,0,0,1
566,3,0,1.5411574840545654,0,1,0,0,0,1
567,3,0,4.113565921783447,1,0,0,0,0,1
569,4,0,1.5330376625061035,0,1,1,0,0,1
570,6,0,2.0494632720947266,0,1,1,0,1,0
571,5,1,10.048069953918457,0,0,1,1,0,0
572,4,1,5.150496959686279,0,1,1,1,0,0
574,2,0,1.5712553262710571,0,1,0,0,0,1
575,3,0,2.8302114009857178,0,1,0,0,0,1
576,4,0,2.537430763244629,0,0,1,0,1,0
577,4,1,10.9109525680542,0,0,1,1,0,0
579,4,0,1.5468568801879883,0,1,1,0,0,1
580,3,0,5.85560941696167,1,0,1,0,1,0
581,4,1,21.642976760864258,1,0,1,1,0,0
582,5,0,5.074861526489258,0,1,0,0,1,0
583,4,1,7.831877708435059,0,1,0,1,0,0
585,2,1,15.54664421081543,1,0,1,1,0,0
586,5,0,2.927804708480835,0,1,0,0,1,0
587,5,1,15.458808898925781,1,1,1,1,0,0
588,3,0,1.5712553262710571,0,1,0,0,0,1
590,4,0,1.39070725440979,0,1,0,0,0,1
591,5,1,15.276641845703125,0,0,1,1,0,0
592,5,0,1.4151057004928589,0,1,0,0,0,1
594,4,0,5.074861526489258,0,1,0,0,1,0
595,4,0,4.713765621185303,1,1,0,0,0,1
597,5,0,0.0,0,1,0,0,0,1
599,5,1,11.111839294433594,0,1,1,1,0,0
600,3,0,5.27004861831665,1,0,1,0,1,0
603,4,0,1.5712553262710571,0,1,0,0,0,1
604,4,0,5.182214260101318,0,1,1,1,0,0
605,4,0,3.0351576805114746,0,1,0,0,0,1
606,3,0,1.5411574840545654,0,1,0,0,0,1
607,3,0,5.953203201293945,0,1,1,1,0,0
608,3,0,8.115718841552734,1,0,1,0,1,0
609,4,1,29.953882217407227,0,0,1,1,0,0
610,4,0,6.104473114013672,1,0,0,0,0,1
614,4,0,1.5712553262710571,0,1,0,0,0,1
615,3,0,12.687153816223145,1,0,1,0,1,0
616,4,0,2.810692548751831,1,1,0,0,0,1
617,3,0,3.1425106525421143,0,0,0,0,0,1
618,1,1,7.612292289733887,1,0,1,0,1,0
619,3,0,2.0494632720947266,0,1,0,0,1,0
620,3,0,2.8212716579437256,0,1,0,0,0,1
621,4,1,10.257895469665527,0,1,1,1,0,0
622,3,0,3.072575092315674,1,1,1,0,0,1
623,3,0,1.5330376625061035,0,1,0,0,0,1
624,3,0,3.1425106525421143,0,1,0,0,0,1
625,6,1,6.308599948883057,0,1,0,1,0,0
626,5,0,2.4105594158172607,0,1,0,0,1,0
627,3,1,15.216444969177246,0,0,1,1,0,0
628,3,0,1.5411574840545654,0,1,0,0,0,1
630,6,1,5.85560941696167,0,1,1,1,0,0
631,5,0,1.3768880367279053,0,1,0,0,0,1
632,4,1,5.953203201293945,0,1,1,1,0,0
634,1,0,5.445716857910156,1,0,0,0,0,1
635,3,0,2.537430763244629,0,0,1,0,1,0
636,4,0,1.5468568801879883,0,1,0,0,0,1
637,4,0,5.123658657073975,1,1,0,0,1,0
638,4,0,7.74648380279541,1,0,0,0,0,1
640,3,0,1.5330376625061035,0,1,0,0,0,1
641,3,1,13.526458740234375,0,0,1,1,0,0
642,1,0,5.445716857910156,1,0,0,0,0,1
644,1,0,3.758969783782959,1,0,1,0,0,1
645,5,1,14.976541519165039,0,1,1,1,0,0
646,3,0,1.5411574840545654,0,1,0,0,0,1
647,5,1,6.92913818359375,0,1,1,1,0,0
649,3,0,1.4736617803573608,0,0,1,0,0,1
651,2,0,4.489300727844238,1,0,1,0,1,0
652,3,0,1.6460704803466797,0,1,0,0,0,1
654,2,0,1.3175121545791626,0,0,0,0,0,1
655,3,0,14.346243858337402,0,1,0,0,1,0
657,4,0,3.0253982543945312,1,0,0,0,0,1
658,3,0,2.537430763244629,0,1,0,0,1,0
659,5,1,22.109806060791016,1,1,0,1,0,0
660,5,0,26.086740493774414,0,1,1,1,0,0
661,4,0,1.4102259874343872,0,1,0,0,0,1
662,5,1,4.994347095489502,0,1,0,1,0,0
663,4,0,1.4630826711654663,0,1,0,0,0,1
664,3,0,1.5468568801879883,0,1,1,0,0,1
665,4,0,14.346243858337402,0,1,0,0,1,0
666,3,0,2.537430763244629,0,1,0,0,1,0
668,4,0,1.5712553262710571,0,1,0,0,0,1
670,4,0,7.612292289733887,1,0,1,0,1,0
671,4,1,10.149723052978516,0,1,0,1,0,0
672,6,0,2.0494632720947266,0,1,0,0,1,0
673,4,0,2.537430763244629,0,1,1,0,1,0
675,2,0,1.5175788402557373,0,1,0,0,0,1
676,3,0,1.5712553262710571,0,1,0,0,0,1
677,2,0,1.9209717512130737,0,0,1,0,0,1
678,4,0,9.15427017211914,1,0,0,0,0,1
679,4,1,100.0,1,1,1,1,0,0
681,3,1,14.976541519165039,0,1,1,1,0,0
682,3,0,1.8006000518798828,0,1,0,0,0,1
683,2,0,9.15427017211914,1,1,0,0,0,1
684,5,0,7.612292289733887,1,1,0,0,1,0
685,3,0,8.115718841552734,1,1,0,0,1,0
686,2,0,7.74648380279541,1,1,0,0,0,1
687,3,0,1.9852077960968018,0,1,0,0,0,1
688,2,0,1.5216387510299683,0,1,0,0,0,1
689,2,1,41.250328063964844,1,0,1,1,0,0
690,4,1,11.12565803527832,0,1,1,1,0,0
691,1,0,2.618765354156494,1,0,1,0,0,1
693,3,0,1.4102259874343872,0,1,0,0,0,1
694,5,0,5.182214260101318,0,1,0,1,0,0
695,5,0,2.635024309158325,0,1,0,0,1,0
696,4,0,1.5712553262710571,0,1,0,0,0,1
698,5,1,21.642976760864258,1,1,0,1,0,0
699,4,1,1.493180513381958,0,1,0,0,0,1
700,2,1,44.40991973876953,0,0,1,1,0,0
701,4,1,5.130978107452393,0,1,1,1,0,0
702,2,0,2.8212716579437256,1,0,0,0,0,1
703,3,0,1.51107919216156,0,1,0,0,0,1
704,3,0,1.5330376625061035,0,1,0,0,0,1
705,4,0,5.074861526489258,0,1,0,0,1,0
706,4,0,2.635024309158325,0,0,1,0,1,0
707,4,1,5.130978107452393,0,1,1,1,0,0
708,3,0,29.580589294433594,0,0,1,1,0,0
710,3,1,9.662575721740723,0,0,1,1,0,0
712,5,1,10.149723052978516,0,1,1,1,0,0
713,3,0,1.8510167598724365,0,1,0,0,0,1
714,5,0,2.537430763244629,0,1,0,0,1,0
715,3,1,1.493180513381958,0,1,0,0,0,1
716,4,1,44.40991973876953,0,0,1,1,0,0
717,3,1,2.0494632720947266,0,0,1,0,1,0
719,4,0,1.5175788402557373,0,1,0,0,0,1
720,1,0,6.441170692443848,1,0,1,0,1,0
721,2,0,1.3768880367279053,0,1,0,0,0,1
722,4,0,2.537430763244629,0,1,0,0,1,0
723,5,0,2.537430763244629,0,1,0,0,1,0
724,3,1,10.364428520202637,0,1,1,1,0,0
725,3,0,1.6908073425292969,0,1,0,0,0,1
726,3,0,4.098926544189453,0,0,1,0,1,0
728,3,0,5.074861526489258,0,1,0,0,1,0
729,3,0,1.5468568801879883,0,0,0,0,0,1
730,3,1,41.250328063964844,0,0,1,1,0,0
731,1,0,3.6670756340026855,0,1,0,0,0,1
733,3,0,2.537430763244629,0,1,0,0,1,0
734,3,0,2.537430763244629,0,1,0,0,1,0
735,3,0,3.1425106525421143,0,1,0,0,0,1
736,5,0,6.709552764892578,1,0,0,0,0,1
737,4,1,100.0,0,1,1,1,0,0
741,4,1,15.390493392944336,0,1,0,1,0,0
742,3,1,51.21218490600586,1,0,1,1,0,0
743,3,0,3.1425106525421143,0,1,0,0,0,1
744,4,0,1.5468568801879883,0,1,1,0,0,1
745,6,1,13.8582763671875,1,1,0,1,0,0
746,2,0,3.9525365829467773,1,1,0,0,0,1
747,3,0,2.537430763244629,0,0,1,0,1,0
748,3,1,10.364428520202637,0,1,0,1,0,0
749,4,0,1.5126991271972656,0,1,0,0,0,1
750,1,0,4.489300727844238,1,0,1,0,1,0
751,1,1,2.43495774269104,1,1,1,0,0,1
752,4,0,1.854276418685913,0,1,0,0,0,1
753,3,0,1.5411574840545654,0,1,0,0,0,1
754,5,0,12.687153816223145,1,0,1,0,1,0
755,1,0,2.8302114009857178,1,1,1,0,1,0
756,3,0,1.5216387510299683,0,1,0,0,0,1
757,2,0,2.244650363922119,0,1,0,0,1,0
758,4,0,1.5712553262710571,0,1,0,0,0,1
759,4,1,16.88367462158203,0,0,1,1,0,0
761,4,0,1.39070725440979,0,1,0,0,0,1
762,3,0,1.411045789718628,0,1,1,0,0,1
763,4,1,23.42243766784668,1,0,1,1,0,0
764,2,0,1.5175788402557373,0,1,0,0,0,1
765,5,1,15.216444969177246,0,0,1,1,0,0
767,4,0,1.5126991271972656,0,0,0,0,0,1
769,4,0,1.632251262664795,0,1,0,0,0,1
770,3,0,1.854276418685913,0,1,0,0,0,1
771,5,0,1.5330376625061035,0,1,0,0,0,1
772,5,1,2.0494632720947266,0,0,0,0,1,0
774,5,0,4.489300727844238,1,0,1,0,1,0
775,2,0,1.5126991271972656,0,1,0,0,0,1
777,1,0,2.43495774269104,0,0,1,0,0,1
779,4,1,41.250328063964844,1,0,1,1,0,0
780,2,0,1.411045789718628,0,0,1,0,0,1
781,2,1,11.12565803527832,0,0,1,1,0,0
782,3,1,5.85560941696167,0,1,0,1,0,0
784,3,0,1.376068353652954,0,1,0,0,0,1
785,3,0,1.4151057004928589,0,1,0,0,0,1
786,2,0,1.4630826711654663,0,0,1,0,0,1
787,1,0,5.684821128845215,1,1,0,0,0,1
788,1,0,4.01597261428833,1,1,1,0,0,1
789,5,1,15.458808898925781,0,1,0,1,0,0
791,2,0,5.074861526489258,0,1,0,0,1,0
794,3,0,1.5411574840545654,0,1,0,0,0,1
795,4,0,2.537430763244629,0,1,0,0,1,0
796,5,1,5.061042308807373,0,0,1,1,0,0
797,4,0,1.6948671340942383,0,0,1,0,0,1
798,3,0,1.411045789718628,0,1,0,0,0,1
799,3,0,4.713765621185303,1,0,0,0,0,1
800,4,0,2.537430763244629,0,1,0,0,1,0
801,4,0,5.123658657073975,1,0,1,0,1,0
802,1,1,23.42243766784668,1,1,1,1,0,0
803,1,0,1.662348985671997,1,1,1,0,0,1
804,3,0,1.361429214477539,0,1,1,0,0,1
805,4,0,1.5175788402557373,0,1,0,0,0,1
806,4,1,0.0,0,1,0,1,0,0
807,2,0,1.5175788402557373,0,0,0,0,0,1
808,4,0,2.537430763244629,0,1,0,0,1,0
809,4,1,10.364428520202637,0,0,1,1,0,0
810,3,0,1.5395373106002808,0,1,0,0,0,1
811,4,0,4.713765621185303,0,1,0,0,0,1
812,4,0,2.0494632720947266,0,1,0,0,1,0
813,1,0,6.104473114013672,1,0,0,0,0,1
814,4,0,1.5712553262710571,0,1,0,0,0,1
816,3,0,1.5468568801879883,0,0,0,0,0,1
817,4,0,7.222738265991211,1,1,0,0,1,0
818,4,0,1.2589560747146606,0,1,0,0,0,1
819,1,0,5.445716857910156,1,1,0,0,0,1
820,5,1,18.249982833862305,1,0,1,1,0,0
821,3,0,1.6908073425292969,0,1,1,0,0,1
822,4,0,0.0,0,1,0,1,0,0
823,3,1,2.43495774269104,1,0,1,0,0,1
824,1,0,7.74648380279541,1,1,0,0,0,1
827,1,0,7.222738265991211,1,1,1,0,1,0
829,6,1,15.614958763122559,0,0,1,1,0,0
830,2,0,2.8212716579437256,0,0,1,0,0,1
831,1,0,3.6597559452056885,1,1,1,0,1,0
833,3,0,1.5330376625061035,0,1,0,0,0,1
834,2,0,1.6200519800186157,0,1,0,0,0,1
835,4,1,16.23141860961914,1,0,1,1,0,0
836,3,0,1.6908073425292969,0,1,0,0,0,1
838,4,0,11.027244567871094,0,1,1,0,0,1
840,3,0,1.5468568801879883,0,1,0,0,0,1
841,2,0,2.0494632720947266,0,1,0,0,1,0
842,3,0,6.0507965087890625,0,0,1,1,0,0
843,4,0,1.2565162181854248,0,1,0,0,0,1
844,2,0,1.6908073425292969,0,1,0,0,0,1
845,4,0,1.4736617803573608,0,1,0,0,0,1
847,4,0,1.5411574840545654,0,1,0,0,0,1
848,3,0,6.441170692443848,1,1,0,0,1,0
850,1,0,6.104473114013672,1,1,0,0,0,1
851,6,0,1.5175788402557373,0,1,0,0,0,1
852,1,0,2.9757816791534424,1,0,0,0,0,1
853,2,1,7.690367698669434,1,0,1,1,0,0
854,4,0,5.074861526489258,0,0,0,0,1,0
855,2,0,1.824998378753662,1,0,1,0,0,1
856,4,0,32.179832458496094,1,0,1,1,0,0
857,5,1,5.182214260101318,0,1,1,1,0,0
858,3,0,3.758969783782959,1,0,1,0,0,1
860,4,0,2.753756523132324,0,1,0,0,0,1
861,3,0,2.244650363922119,0,1,0,0,1,0
862,5,1,5.061042308807373,0,0,1,1,0,0
864,3,0,2.537430763244629,0,1,0,0,1,0
865,4,0,2.537430763244629,0,0,1,0,1,0
866,3,0,2.7049598693847656,0,0,1,0,1,0
867,4,1,9.856122970581055,0,1,0,1,0,0
869,1,0,2.1730751991271973,1,1,1,0,0,1
870,3,0,1.5411574840545654,0,1,0,0,0,1
871,5,1,10.257895469665527,1,0,1,1,0,0
872,4,1,0.9759349226951599,0,1,0,1,0,0
873,5,0,1.7566828727722168,0,1,0,0,0,1
874,3,0,4.684487819671631,0,0,1,0,1,0
875,2,0,1.4102259874343872,0,0,1,0,0,1
876,3,0,1.9217721223831177,0,1,0,0,0,1
877,3,0,1.5411574840545654,0,1,0,0,0,1
879,5,1,16.23141860961914,1,0,1,1,0,0
880,3,0,5.074861526489258,1,0,1,0,1,0
881,4,0,1.5411574840545654,0,1,0,0,0,1
882,3,0,2.052722930908203,0,0,0,0,0,1
883,3,0,2.0494632720947266,0,1,0,0,1,0
884,3,0,1.376068353652954,0,1,0,0,0,1
885,4,0,5.684821128845215,1,0,0,0,0,1
886,3,0,2.537430763244629,0,1,0,0,1,0
887,3,1,5.85560941696167,0,0,1,1,0,0
889,3,1,5.85560941696167,0,1,1,1,0,0
890,4,0,1.5126991271972656,0,1,0,0,0,1
5,3,0,1.6509500741958618,0,1,0,0,0,1
17,3,0,2.537430763244629,0,1,1,0,1,0
19,3,0,1.4102259874343872,0,0,1,0,0,1
26,3,0,1.4102259874343872,0,1,0,0,0,1
28,3,0,1.5379172563552856,0,0,1,0,0,1
29,3,0,1.5411574840545654,0,1,0,0,0,1
31,3,1,28.598953247070312,0,0,1,1,0,0
32,3,0,1.5126991271972656,0,0,1,0,0,1
36,3,0,1.411045789718628,0,1,1,0,0,1
42,3,0,1.5411574840545654,0,1,0,0,0,1
45,3,0,1.5712553262710571,0,1,0,0,0,1
46,3,0,3.0253982543945312,0,1,0,0,0,1
47,3,0,1.5126991271972656,0,0,1,0,0,1
48,3,0,4.231497764587402,0,1,0,0,0,1
55,4,1,6.92913818359375,0,1,1,1,0,0
64,4,0,5.410739421844482,0,1,0,1,0,0
65,1,0,2.9757816791534424,1,1,1,0,0,1
76,3,0,1.5411574840545654,0,1,0,0,0,1
77,3,0,1.5712553262710571,0,1,0,0,0,1
82,3,0,1.5200186967849731,0,0,1,0,0,1
87,3,0,1.5712553262710571,0,1,0,0,0,1
95,3,0,1.5712553262710571,0,1,0,0,0,1
101,3,0,1.5411574840545654,0,1,0,0,0,1
107,3,0,1.5175788402557373,0,1,1,0,0,1
109,3,0,4.713765621185303,0,0,1,0,0,1
121,3,0,1.5712553262710571,0,1,0,0,0,1
126,3,0,1.5126991271972656,0,1,0,0,0,1
128,1,1,4.364048957824707,1,0,1,0,0,1
140,1,0,2.9757816791534424,1,0,0,0,0,1
154,3,0,1.4273048639297485,0,1,0,0,0,1
158,3,0,1.6908073425292969,0,1,0,0,0,1
159,1,0,13.575255393981934,1,1,0,0,0,1
166,4,1,10.735283851623535,1,0,1,1,0,0
168,4,0,5.060222625732422,0,1,0,1,0,0
176,1,0,4.970768451690674,1,1,0,0,0,1
180,1,0,13.575255393981934,1,0,0,0,0,1
181,3,0,2.9375641345977783,0,1,0,0,1,0
185,4,1,9.759349822998047,0,1,0,1,0,0
186,3,0,3.0253982543945312,0,0,1,0,0,1
196,3,0,1.5126991271972656,0,1,0,0,0,1
198,3,0,1.5126991271972656,0,0,1,0,0,1
201,1,0,13.575255393981934,1,1,0,0,0,1
214,3,0,1.5126991271972656,0,1,0,0,0,1
223,3,0,1.5411574840545654,0,1,0,0,0,1
229,1,0,4.970768451690674,1,0,0,0,0,1
235,3,0,1.4736617803573608,0,0,0,0,0,1
240,3,0,2.8212716579437256,0,0,0,0,0,1
241,3,0,3.0253982543945312,0,0,1,0,0,1
250,3,0,1.4151057004928589,0,1,0,0,0,1
256,3,0,15.458808898925781,0,0,1,1,0,0
260,3,0,1.5126991271972656,0,1,0,0,0,1
264,3,0,1.5126991271972656,0,0,0,0,0,1
270,4,0,6.0507965087890625,0,1,0,1,0,0
274,3,0,1.5126991271972656,0,0,1,0,0,1
277,3,0,0.0,0,1,0,0,1,0
284,4,1,5.074861526489258,0,1,0,1,0,0
295,4,0,5.410739421844482,0,1,0,1,0,0
298,4,1,5.953203201293945,0,1,1,1,0,0
300,3,0,1.5126991271972656,0,0,1,0,0,1
301,3,0,4.538097381591797,0,1,1,0,0,1
303,3,1,2.4105594158172607,0,0,1,0,1,0
304,3,0,1.5712553262710571,0,1,0,0,0,1
306,3,0,21.642976760864258,0,0,1,1,0,0
324,1,0,13.575255393981934,1,1,0,0,0,1
330,3,0,4.538097381591797,0,0,1,0,0,1
334,3,0,26.086740493774414,0,0,1,1,0,0
335,3,0,1.5411574840545654,0,1,0,0,0,1
347,3,0,3.1425106525421143,0,0,1,0,0,1
351,4,1,6.831544399261475,0,1,0,1,0,0
354,3,0,1.4102259874343872,0,1,0,0,0,1
358,3,0,1.5379172563552856,0,0,1,0,0,1
359,3,0,1.5379172563552856,0,0,1,0,0,1
364,3,0,3.0253982543945312,0,1,0,0,0,1
367,3,0,1.411045789718628,0,0,1,0,0,1
368,3,0,1.5126991271972656,0,0,1,0,0,1
375,3,0,16.038671493530273,0,0,1,1,0,0
384,3,0,1.5411574840545654,0,1,0,0,0,1
388,3,0,1.5086392164230347,0,1,0,0,0,1
409,1,0,4.970768451690674,1,0,0,0,0,1
410,3,0,1.5411574840545654,0,1,0,0,0,1
411,3,0,1.3386509418487549,0,1,0,0,0,1
413,3,0,0.0,0,1,0,0,1,0
415,3,0,1.5712553262710571,0,0,0,0,0,1
420,3,0,1.5411574840545654,0,1,0,0,0,1
425,3,0,1.4151057004928589,0,1,0,0,0,1
428,3,0,1.5126991271972656,0,1,0,0,0,1
431,3,0,3.1425106525421143,0,0,1,0,0,1
444,3,0,1.5834544897079468,0,1,1,0,0,1
451,3,0,3.897239923477173,0,1,0,0,0,1
454,3,0,1.5712553262710571,0,1,0,0,0,1
457,3,1,10.122884750366211,0,0,1,1,0,0
459,3,0,1.5126991271972656,0,1,0,0,0,1
464,3,0,1.5712553262710571,0,1,0,0,0,1
466,3,0,0.0,0,1,0,0,1,0
468,3,0,1.507819414138794,0,1,0,0,0,1
470,3,0,1.4151057004928589,0,1,0,0,0,1
475,4,1,10.149723052978516,0,1,0,1,0,0
481,3,0,0.0,0,1,0,0,1,0
485,1,0,4.970768451690674,1,0,0,0,0,1
490,3,0,3.897239923477173,0,1,0,0,0,1
495,3,0,2.8220720291137695,0,1,0,0,0,1
497,3,0,2.9473235607147217,0,1,0,0,0,1
502,3,0,1.489120602607727,0,0,0,0,0,1
507,4,0,5.182214260101318,0,1,1,1,0,0
511,3,0,1.5712553262710571,0,1,0,0,0,1
517,3,0,4.713765621185303,0,1,0,0,0,1
522,3,0,1.4102259874343872,0,1,0,0,0,1
524,3,0,1.411045789718628,0,1,0,0,0,1
527,4,1,43.288414001464844,0,1,0,1,0,0
531,3,0,1.411045789718628,0,1,0,0,0,1
533,1,0,4.364048957824707,1,0,1,0,0,1
538,3,0,2.8302114009857178,0,1,0,0,0,1
547,3,0,2.705779552459717,0,1,1,0,1,0
552,3,0,1.5281579494476318,0,1,0,0,0,1
557,4,0,44.40991973876953,0,1,0,1,0,0
560,3,0,1.5126991271972656,0,1,0,0,0,1
563,3,0,1.5712553262710571,0,1,0,0,0,1
564,3,0,1.5712553262710571,0,0,0,0,0,1
568,3,0,1.411045789718628,0,1,0,0,0,1
573,3,0,1.5126991271972656,0,0,1,0,0,1
578,3,0,2.8220720291137695,0,0,0,0,0,1
584,3,0,1.7005665302276611,0,1,0,0,0,1
589,3,0,1.5712553262710571,0,1,0,0,0,1
593,3,0,1.5126991271972656,1,0,0,0,0,1
596,3,0,6.441170692443848,0,0,1,0,1,0
598,3,0,1.4102259874343872,0,1,0,0,0,1
601,3,0,1.5411574840545654,0,1,0,0,0,1
602,4,0,8.275928497314453,0,1,0,1,0,0
611,3,0,1.376068353652954,0,1,0,0,0,1
612,3,0,3.0253982543945312,0,0,1,0,0,1
613,3,0,1.5126991271972656,0,1,0,0,0,1
629,3,0,1.5094395875930786,0,1,0,0,0,1
633,3,0,0.0,0,1,0,1,0,0
639,3,0,3.1425106525421143,0,1,0,0,0,1
643,3,0,11.027244567871094,0,1,1,0,0,1
648,3,0,1.4736617803573608,0,1,0,0,0,1
650,3,0,1.5411574840545654,0,1,0,0,0,1
653,3,0,1.5281579494476318,0,0,1,0,0,1
656,3,0,1.5411574840545654,0,1,0,0,0,1
667,3,0,1.5175788402557373,0,1,0,0,0,1
669,3,1,10.149723052978516,0,0,1,1,0,0
674,3,0,0.0,0,1,0,0,1,0
680,3,0,1.588334083557129,0,0,0,0,0,1
692,3,0,11.027244567871094,0,1,1,0,0,1
697,3,0,1.5094395875930786,0,0,1,0,0,1
709,1,0,2.9757816791534424,1,1,1,0,0,1
711,4,1,5.182214260101318,0,1,0,1,0,0
718,3,0,3.0253982543945312,0,1,0,0,0,1
727,3,0,1.5102593898773193,0,0,1,0,0,1
732,3,0,0.0,0,1,0,0,1,0
738,3,0,1.5411574840545654,0,1,0,0,0,1
739,3,0,1.5411574840545654,0,1,0,0,0,1
740,4,1,5.85560941696167,0,1,1,1,0,0
760,3,0,2.8302114009857178,0,1,0,0,0,1
766,4,0,7.729404449462891,0,1,0,1,0,0
768,3,0,4.713765621185303,0,1,0,0,0,1
773,3,0,1.4102259874343872,0,1,0,0,0,1
776,3,1,1.5126991271972656,0,1,0,0,0,1
778,3,0,1.5102593898773193,0,1,0,0,0,1
783,1,0,4.57713508605957,1,1,0,0,0,1
790,3,0,1.5126991271972656,0,1,0,0,0,1
792,1,0,13.575255393981934,1,0,0,0,0,1
793,4,0,5.991420745849609,0,1,0,1,0,0
815,3,1,0.0,0,1,0,1,0,0
825,3,0,1.3565495014190674,0,1,0,0,0,1
826,3,0,11.027244567871094,0,1,0,0,0,1
828,3,0,1.5126991271972656,0,1,1,0,0,1
832,3,0,1.411045789718628,0,1,0,0,0,1
837,3,0,1.5712553262710571,0,1,0,0,0,1
839,4,1,5.797053813934326,0,1,1,1,0,0
846,1,0,13.575255393981934,1,1,0,0,0,1
849,3,1,17.39198112487793,0,0,1,1,0,0
859,3,0,1.411045789718628,0,1,0,0,0,1
863,1,0,13.575255393981934,1,0,0,0,0,1
868,3,0,1.854276418685913,0,1,0,0,0,1
878,3,0,1.5411574840545654,0,1,0,0,0,1
888,1,0,4.57713508605957,1,0,0,0,0,1
